ObjectID,Loc_name,Status,Score,Match_type,Match_addr,LongLabel,ShortLabel,Addr_type,Type,PlaceName,Place_addr,Phone,URL,Rank,AddBldg,AddNum,AddNumFrom,AddNumTo,AddRange,Side,StPreDir,StPreType,StName,StType,StDir,BldgType,BldgName,LevelType,LevelName,UnitType,UnitName,SubAddr,StAddr,Block,Sector,Nbrhd,District,City,MetroArea,Subregion,Region,RegionAbbr,Territory,Zone,Postal,PostalExt,Country,CntryName,LangCode,Distance,X,Y,DisplayX,DisplayY,Xmin,Xmax,Ymin,Ymax,ExInfo,StrucType,StrucDet,IN_Address,IN_Address2,IN_Address3,IN_Neighborhood,IN_City,IN_Subregion,IN_Region,IN_Postal,IN_PostalExt,IN_CountryCode,USER_Siren_Number,USER_Street_Address,USER_City,USER_State,USER_Zip_Code,USER_In_City_Limits_,USER_Pike_Road_
1,World,M,100,A,"102 Erin Ln, Montgomery, Alabama, 36108","102 Erin Ln, Montgomery, AL, 36108, USA",102 Erin Ln,StreetAddress,,,"102 Erin Ln, Montgomery, Alabama, 36108",,,20,,102,198,102,102-198,L,,,Erin,Ln,,,,,,,,,102 Erin Ln,,,,,Montgomery,,Montgomery County,Alabama,AL,,,36108,,USA,United States,ENG,0,-86.434138951208,32.352368155325,-86.434138951208,32.352368155325,-86.435138951208,-86.433138951208,32.351368155325,32.353368155325,,,,102 Erin Lane,,,,Montgomery,,Alabama,36108,,,5301122,102 Erin Lane,Montgomery,Alabama,36108,Yes,No
2,World,M,100,A,"2001 W Fairview Ave, Montgomery, Alabama, 36108","2001 W Fairview Ave, Montgomery, AL, 36108, USA",2001 W Fairview Ave,PointAddress,,,"2001 W Fairview Ave, Montgomery, Alabama, 36108",,,20,,2001,,,,,W,,Fairview,Ave,,,,,,,,,2001 W Fairview Ave,,,,,Montgomery,,Montgomery County,Alabama,AL,,,36108,4118,USA,United States,ENG,0,-86.324910505826,32.351394604123,-86.324850994314,32.349548992864,-86.325850994314,-86.323850994314,32.348548992864,32.350548992864,,Commercial,,2001 W. Fairview Av.,,,,Montgomery,,Alabama,36108,,,5301115,2001 W. Fairview Av.,Montgomery,Alabama,36108,Yes,No
3,World,M,100,A,"375 Hunter Loop Rd, Montgomery, Alabama, 36108","375 Hunter Loop Rd, Montgomery, AL, 36108, USA",375 Hunter Loop Rd,PointAddress,,,"375 Hunter Loop Rd, Montgomery, Alabama, 36108",,,20,,375,,,,,,,Hunter Loop,Rd,,,,,,,,,375 Hunter Loop Rd,,,,,Montgomery,,Montgomery County,Alabama,AL,,,36108,1824,USA,United States,ENG,0,-86.387095510209,32.35333836747,-86.387413016701,32.353002001696,-86.388413016701,-86.386413016701,32.352002001696,32.354002001696,,Commercial,,375 Hunter Loop Rd,,,,Montgomery,,Alabama,36108,,,5301101,375 Hunter Loop Rd,Montgomery,Alabama,36108,Yes,No
4,World,M,100,A,"3315 Hayneville Rd, Montgomery, Alabama, 36108","3315 Hayneville Rd, Montgomery, AL, 36108, USA",3315 Hayneville Rd,PointAddress,,,"3315 Hayneville Rd, Montgomery, Alabama, 36108",,,20,,3315,,,,,,,Hayneville,Rd,,,,,,,,,3315 Hayneville Rd,,,,,Montgomery,,Montgomery County,Alabama,AL,,,36108,3902,USA,United States,ENG,0,-86.35555784514,32.348734439513,-86.355550971979,32.348328001028,-86.356550971979,-86.354550971979,32.347328001028,32.349328001028,,Commercial,,3315 Hayneville Rd.,,,,Montgomery,,Alabama,36108,,,5301123,3315 Hayneville Rd.,Montgomery,Alabama,36108,Yes,No
5,World,T,100,A,"Birmingham Hwy & Twin Lakes Pkwy, Montgomery, Alabama, 36108","Birmingham Hwy & Twin Lakes Pkwy, Montgomery, AL, 36108, USA",Birmingham Hwy & Twin Lakes Pkwy,StreetInt,,,"Birmingham Hwy & Twin Lakes Pkwy, Montgomery, Alabama, 36108",,,20,,,,,,,,,,,,,,,,,,,Birmingham Hwy & Twin Lakes Pkwy,,,,,Montgomery,,Montgomery County,Alabama,AL,,,36108,1432,USA,United States,ENG,0,-86.383015115924,32.385961908095,-86.383015115924,32.385961908095,-86.384015115924,-86.382015115924,32.384961908095,32.386961908095,,,,Birmingham Highway @ Twin Lakes Pkwy,,,,Montgomery,,Alabama,36108,,,5301113,Birmingham Highway @ Twin Lakes Pkwy,Montgomery,Alabama,36108,Yes,No
6,World,M,100,A,"201 6th St, Montgomery, Alabama, 36104","201 6th St, Montgomery, AL, 36104, USA",201 6th St,PointAddress,,,"201 6th St, Montgomery, Alabama, 36104",,,20,,201,,,,,,,6th,St,,,,,,,,,201 6th St,,,,,Montgomery,,Montgomery County,Alabama,AL,,,36104,1630,USA,United States,ENG,0,-86.315117928346,32.403797340767,-86.315111977195,32.403390986101,-86.316111977195,-86.314111977195,32.402390986101,32.404390986101,,Commercial,Office,201 6th St.,,,,Montgomery,,Alabama,36104,,,5301156,201 6th St.,Montgomery,Alabama,36104,Yes,No
7,World,M,99.51,A,"400 Mobile St, Montgomery, Alabama, 36104","400 Mobile St, Montgomery, AL, 36104, USA",400 Mobile St,PointAddress,,,"400 Mobile St, Montgomery, Alabama, 36104",,,20,,400,,,,,,,Mobile,St,,,,,,,,,400 Mobile St,,,,,Montgomery,,Montgomery County,Alabama,AL,,,36104,3931,USA,United States,ENG,0,-86.315504417902,32.373288973408,-86.315593014618,32.373380000877,-86.316593014618,-86.314593014618,32.372380000877,32.374380000877,,Commercial,Recreation,400 Mobile St.,,,,Montgomery,,Alabama,36108,,,5301125,400 Mobile St.,Montgomery,Alabama,36108,Yes,No
8,World,M,100,A,"Schley St & Rice St, Montgomery, Alabama, 36104","Schley St & Rice St, Montgomery, AL, 36104, USA",Schley St & Rice St,StreetInt,,,"Schley St & Rice St, Montgomery, Alabama, 36104",,,20,,,,,,,,,,,,,,,,,,,Schley St & Rice St,,,Bell Street,,Montgomery,,Montgomery County,Alabama,AL,,,36104,,USA,United States,ENG,0,-86.34079278742,32.371164789596,-86.34079278742,32.371164789596,-86.34179278742,-86.33979278742,32.370164789596,32.372164789596,,,,Schley St. @ Rice St.,,,,Montgomery,,Alabama,36104,,,5301157,Schley St. @ Rice St.,Montgomery,Alabama,36104,Yes,No
9,World,M,100,A,"6425 Wares Ferry Rd, Montgomery, Alabama, 36117","6425 Wares Ferry Rd, Montgomery, AL, 36117, USA",6425 Wares Ferry Rd,PointAddress,,,"6425 Wares Ferry Rd, Montgomery, Alabama, 36117",,,20,,6425,,,,,,,Wares Ferry,Rd,,,,,,,,,6425 Wares Ferry Rd,,,,,Montgomery,,Montgomery County,Alabama,AL,,,36117,3317,USA,United States,ENG,0,-86.189486862249,32.400324173458,-86.189965971834,32.400785010495,-86.190965971834,-86.188965971834,32.399785010495,32.401785010495,,Commercial,,6425 Wares Ferry Rd.,,,,Montgomery,,Alabama,36117,,,5301205,6425 Wares Ferry Rd.,Montgomery,Alabama,36117,Yes,No
10,World,M,100,A,"3425 Old Wetumpka Hwy, Montgomery, Alabama, 36110","3425 Old Wetumpka Hwy, Montgomery, AL, 36110, USA",3425 Old Wetumpka Hwy,StreetAddress,,,"3425 Old Wetumpka Hwy, Montgomery, Alabama, 36110",,,20,,3425,3329,3495,3329-3495,L,,,Old Wetumpka,Hwy,,,,,,,,,3425 Old Wetumpka Hwy,,,,,Montgomery,,Montgomery County,Alabama,AL,,,36110,,USA,United States,ENG,0,-86.216068830409,32.431482946867,-86.216068830409,32.431482946867,-86.217068830409,-86.215068830409,32.430482946867,32.432482946867,,,,3425 Old Wetumpka Hwy,,,,Montgomery,,Alabama,36110,,,5301214,3425 Old Wetumpka Hwy,Montgomery,Alabama,36110,Yes,No
11,World,M,100,A,"307 E Vandiver Blvd, Montgomery, Alabama, 36110","307 E Vandiver Blvd, Montgomery, AL, 36110, USA",307 E Vandiver Blvd,PointAddress,,,"307 E Vandiver Blvd, Montgomery, Alabama, 36110",,,20,,307,,,,,E,,Vandiver,Blvd,,,,,,,,,307 E Vandiver Blvd,,,,,Montgomery,,Montgomery County,Alabama,AL,,,36110,1815,USA,United States,ENG,0,-86.278875836301,32.417599946455,-86.278842979241,32.418834014059,-86.279842979241,-86.277842979241,32.417834014059,32.419834014059,,Commercial,,307 E. Vandiver Blvd,,,,Montgomery,,Alabama,36110,,,5301218,307 E. Vandiver Blvd,Montgomery,Alabama,36110,Yes,No
12,World,M,100,A,"209 Perry Hill Rd, Montgomery, Alabama, 36109","209 Perry Hill Rd, Montgomery, AL, 36109, USA",209 Perry Hill Rd,PointAddress,,,"209 Perry Hill Rd, Montgomery, Alabama, 36109",,,20,,209,,,,,,,Perry Hill,Rd,,,,,,,,,209 Perry Hill Rd,,,,,Montgomery,,Montgomery County,Alabama,AL,,,36109,3725,USA,United States,ENG,0,-86.246554714742,32.379607671117,-86.245196008238,32.380051995805,-86.246196008238,-86.244196008238,32.379051995805,32.381051995805,,Commercial,,209 Perry Hill Rd.,,,,Montgomery,,Alabama,36109,,,5301207,209 Perry Hill Rd.,Montgomery,Alabama,36109,Yes,No
13,World,M,100,A,"7700 Block of Atlanta Hwy, Montgomery, Alabama, 36117","7700 Block of Atlanta Hwy, Montgomery, AL, 36117, USA",7700 Block of Atlanta Hwy,StreetMidBlock,,,"7700 Block of Atlanta Hwy, Montgomery, Alabama, 36117",,,20,,7700,7714,7780,7714-7780,,,,Atlanta,Hwy,,,,,,,,,7700 Block of Atlanta Hwy,,,,,Montgomery,,Montgomery County,Alabama,AL,,,36117,4241,USA,United States,ENG,0,-86.161963433758,32.381457280971,-86.161963433758,32.381457280971,-86.163552462052,-86.160425506847,32.380227640137,32.382570501214,,,,7700 blk. Atlanta Hwy.,,,,Montgomery,,Alabama,36117,,,5301220,7700 blk. Atlanta Hwy.,Montgomery,Alabama,36117,Yes,No
14,World,M,100,A,"1837 Upper Wetumpka Rd, Montgomery, Alabama, 36107","1837 Upper Wetumpka Rd, Montgomery, AL, 36107, USA",1837 Upper Wetumpka Rd,PointAddress,,,"1837 Upper Wetumpka Rd, Montgomery, Alabama, 36107",,,20,,1837,,,,,,,Upper Wetumpka,Rd,,,,,,,,,1837 Upper Wetumpka Rd,,,,,Montgomery,,Montgomery County,Alabama,AL,,,36107,1333,USA,United States,ENG,0,-86.282214515974,32.386035543115,-86.282739977484,32.387281010108,-86.283739977484,-86.281739977484,32.386281010108,32.388281010108,,Commercial,Medical,1837 Upper Wetumpka Rd,,,,Montgomery,,Alabama,36107,,,5301230,1837 Upper Wetumpka Rd,Montgomery,Alabama,36107,Yes,No
15,World,M,100,A,"Vaughn Rd & Perry Hill Rd, Montgomery, Alabama, 36106","Vaughn Rd & Perry Hill Rd, Montgomery, AL, 36106, USA",Vaughn Rd & Perry Hill Rd,StreetInt,,,"Vaughn Rd & Perry Hill Rd, Montgomery, Alabama, 36106",,,20,,,,,,,,,,,,,,,,,,,Vaughn Rd & Perry Hill Rd,,,,,Montgomery,,Montgomery County,Alabama,AL,,,36106,,USA,United States,ENG,0,-86.243962611185,32.350887918077,-86.243962611185,32.350887918077,-86.244962611185,-86.242962611185,32.349887918077,32.351887918077,,,,Vaughn Rd. @ Perry Hill Rd,,,,Montgomery,,Alabama,36106,,,5301206,Vaughn Rd. @ Perry Hill Rd,Montgomery,Alabama,36106,Yes,No
16,World,M,100,A,"5055 Carmichael Rd, Montgomery, Alabama, 36106","5055 Carmichael Rd, Montgomery, AL, 36106, USA",5055 Carmichael Rd,PointAddress,,,"5055 Carmichael Rd, Montgomery, Alabama, 36106",,,20,,5055,,,,,,,Carmichael,Rd,,,,,,,,,5055 Carmichael Rd,,,,,Montgomery,,Montgomery County,Alabama,AL,,,36106,2902,USA,United States,ENG,0,-86.219230129486,32.359815273602,-86.219233985161,32.36015298048,-86.220233985161,-86.218233985161,32.35915298048,32.36115298048,,Commercial,,5055 Carmichael Rd.,,,,Montgomery,,Alabama,36106,,,5301231,5055 Carmichael Rd.,Montgomery,Alabama,36106,Yes,No
17,World,M,100,A,"1329 E Fairview Ave, Montgomery, Alabama, 36106","1329 E Fairview Ave, Montgomery, AL, 36106, USA",1329 E Fairview Ave,PointAddress,,,"1329 E Fairview Ave, Montgomery, Alabama, 36106",,,20,,1329,,,,,E,,Fairview,Ave,,,,,,,,,1329 E Fairview Ave,,,,,Montgomery,,Montgomery County,Alabama,AL,,,36106,2111,USA,United States,ENG,0,-86.286908381752,32.352084770031,-86.286908968485,32.352357014246,-86.287908968485,-86.285908968485,32.351357014246,32.353357014246,,Commercial,,1329 E. Fairview Av.,,,,Montgomery,,Alabama,36106,,,5301234,1329 E. Fairview Av.,Montgomery,Alabama,36106,Yes,No
18,World,M,100,A,"7300 University Dr, Montgomery, Alabama, 36117","7300 University Dr, Montgomery, AL, 36117, USA",7300 University Dr,StreetAddress,,,"7300 University Dr, Montgomery, Alabama, 36117",,,20,,7300,7300,7300,7300-7300,R,,,University,Dr,,,,,,,,,7300 University Dr,,,,,Montgomery,,Montgomery County,Alabama,AL,,,36117,3531,USA,United States,ENG,0,-86.172278705762,32.368478460956,-86.172278705762,32.368478460956,-86.173278705762,-86.171278705762,32.367478460956,32.369478460956,,,,7300 University Dr.,,,,Montgomery,,Alabama,36117,,,5301237,7300 University Dr.,Montgomery,Alabama,36117,Yes,No
19,World,M,100,A,"3510 Harrison Rd, Montgomery, Alabama, 36109","3510 Harrison Rd, Montgomery, AL, 36109, USA",3510 Harrison Rd,PointAddress,,,"3510 Harrison Rd, Montgomery, Alabama, 36109",,,20,,3510,,,,,,,Harrison,Rd,,,,,,,,,3510 Harrison Rd,,,,,Montgomery,,Montgomery County,Alabama,AL,,,36109,5134,USA,United States,ENG,0,-86.252089620685,32.367028446108,-86.252082998982,32.366580014288,-86.253082998982,-86.251082998982,32.365580014288,32.367580014288,,Commercial,,3510 Harrison Rd.,,,,Montgomery,,Alabama,36109,,,5301236,3510 Harrison Rd.,Montgomery,Alabama,36109,Yes,No
20,World,M,100,A,"5345 Atlanta Hwy, Montgomery, Alabama, 36109","5345 Atlanta Hwy, Montgomery, AL, 36109, USA",5345 Atlanta Hwy,PointAddress,,,"5345 Atlanta Hwy, Montgomery, Alabama, 36109",,,20,,5345,,,,,,,Atlanta,Hwy,,,,,,,,,5345 Atlanta Hwy,,,,,Montgomery,,Montgomery County,Alabama,AL,,,36109,3323,USA,United States,ENG,0,-86.216397130031,32.381920280113,-86.216433004577,32.384128995419,-86.217433004577,-86.215433004577,32.383128995419,32.385128995419,,Commercial,,5345 Atlanta Hwy,,,,Montgomery,,Alabama,36109,,,5301243,5345 Atlanta Hwy,Montgomery,Alabama,36109,Yes,No
21,World,M,100,A,"440 Dalraida Rd, Montgomery, Alabama, 36109","440 Dalraida Rd, Montgomery, AL, 36109, USA",440 Dalraida Rd,PointAddress,,,"440 Dalraida Rd, Montgomery, Alabama, 36109",,,20,,440,,,,,,,Dalraida,Rd,,,,,,,,,440 Dalraida Rd,,,,,Montgomery,,Montgomery County,Alabama,AL,,,36109,2838,USA,United States,ENG,0,-86.245441095086,32.390547940689,-86.244384975286,32.390485998425,-86.245384975286,-86.243384975286,32.389485998425,32.391485998425,,Commercial,,440 Dalraida Rd,,,,Montgomery,,Alabama,36109,,,5301247,440 Dalraida Rd,Montgomery,Alabama,36109,Yes,No
22,World,M,100,A,"2811 Willena Ave, Montgomery, Alabama, 36107","2811 Willena Ave, Montgomery, AL, 36107, USA",2811 Willena Ave,StreetAddress,,,"2811 Willena Ave, Montgomery, Alabama, 36107",,,20,,2811,2801,2829,2801-2829,L,,,Willena,Ave,,,,,,,,,2811 Willena Ave,,,,,Montgomery,,Montgomery County,Alabama,AL,,,36107,1055,USA,United States,ENG,0,-86.278517491893,32.399150866528,-86.278517491893,32.399150866528,-86.279517491893,-86.277517491893,32.398150866528,32.400150866528,,,,2811 Willena Ave.,,,,Montgomery,,Alabama,36107,,,5301255,2811 Willena Ave.,Montgomery,Alabama,36107,Yes,No
23,World,M,100,A,"3670 Coosada Ferry Rd, Montgomery, Alabama, 36110","3670 Coosada Ferry Rd, Montgomery, AL, 36110, USA",3670 Coosada Ferry Rd,PointAddress,,,"3670 Coosada Ferry Rd, Montgomery, Alabama, 36110",,,20,,3670,,,,,,,Coosada Ferry,Rd,,,,,,,,,3670 Coosada Ferry Rd,,,,,Montgomery,,Montgomery County,Alabama,AL,,,36110,1034,USA,United States,ENG,0,-86.283761899119,32.442014125382,-86.283345989084,32.442192995195,-86.284345989084,-86.282345989084,32.441192995195,32.443192995195,,Commercial,,3670 Coosada Ferry Rd.,,,,Montgomery,,Alabama,36110,,,5301253,3670 Coosada Ferry Rd.,Montgomery,Alabama,36110,Yes,No
24,World,M,100,A,"2685 Bell Rd, Montgomery, Alabama, 36117","2685 Bell Rd, Montgomery, AL, 36117, USA",2685 Bell Rd,PointAddress,,,"2685 Bell Rd, Montgomery, Alabama, 36117",,,20,,2685,,,,,,,Bell,Rd,,,,,,,,,2685 Bell Rd,,,,,Montgomery,,Montgomery County,Alabama,AL,,,36117,4332,USA,United States,ENG,0,-86.195225364619,32.342022295269,-86.194865026602,32.341929004687,-86.195865026602,-86.193865026602,32.340929004687,32.342929004687,,Commercial,,2685 Bell Rd.,,,,Montgomery,,Alabama,36117,,,5301249,2685 Bell Rd.,Montgomery,Alabama,36117,Yes,No
25,World,M,100,A,"Ann St & Spruce St, Montgomery, Alabama, 36107","Ann St & Spruce St, Montgomery, AL, 36107, USA",Ann St & Spruce St,StreetInt,,,"Ann St & Spruce St, Montgomery, Alabama, 36107",,,20,,,,,,,,,,,,,,,,,,,Ann St & Spruce St,,,,,Montgomery,,Montgomery County,Alabama,AL,,,36107,,USA,United States,ENG,0,-86.271368500903,32.365013981408,-86.271368500903,32.365013981408,-86.272368500903,-86.270368500903,32.364013981408,32.366013981408,,,,Ann St. @ Spruce St.,,,,Montgomery,,Alabama,36107,,,5301254,Ann St. @ Spruce St.,Montgomery,Alabama,36107,Yes,No
26,World,M,100,A,"858 Anderson Rd, Montgomery, Alabama, 36110","858 Anderson Rd, Montgomery, AL, 36110, USA",858 Anderson Rd,StreetAddress,,,"858 Anderson Rd, Montgomery, Alabama, 36110",,,20,,858,800,948,800-948,R,,,Anderson,Rd,,,,,,,,,858 Anderson Rd,,,,,Montgomery,,Montgomery County,Alabama,AL,,,36110,3724,USA,United States,ENG,0,-86.220471010688,32.454502521052,-86.220471010688,32.454502521052,-86.221471010688,-86.219471010688,32.453502521052,32.455502521052,,,,858 Anderson Road,,,,Montgomery,,Alabama,36110,,,5301270,858 Anderson Road,Montgomery,Alabama,36110,No,No
27,World,M,100,A,"4000 Fieldcrest Dr, Montgomery, Alabama, 36111","4000 Fieldcrest Dr, Montgomery, AL, 36111, USA",4000 Fieldcrest Dr,PointAddress,,,"4000 Fieldcrest Dr, Montgomery, Alabama, 36111",,,20,,4000,,,,,,,Fieldcrest,Dr,,,,,,,,,4000 Fieldcrest Dr,,,,,Montgomery,,Montgomery County,Alabama,AL,,,36111,3100,USA,United States,ENG,0,-86.251012127032,32.329817531784,-86.251307002386,32.329810993899,-86.252307002386,-86.250307002386,32.3288109939,32.330810993899,,Mixed,,4000 Fieldcrest Dr.,,,,Montgomery,,Alabama,36111,,,5301308,4000 Fieldcrest Dr.,Montgomery,Alabama,36111,Yes,No
28,World,M,100,A,"1501 Parkview Dr S, Montgomery, Alabama, 36117","1501 Parkview Dr S, Montgomery, AL, 36117, USA",1501 Parkview Dr S,PointAddress,,,"1501 Parkview Dr S, Montgomery, Alabama, 36117",,,20,,1501,,,,,,,Parkview,Dr,S,,,,,,,,1501 Parkview Dr S,,,,,Montgomery,,Montgomery County,Alabama,AL,,,36117,7744,USA,United States,ENG,0,-86.164526979515,32.352872417473,-86.163496005425,32.352845008649,-86.164496005425,-86.162496005425,32.351845008649,32.353845008649,,Commercial,,1501 Parkview Dr. South,,,,Montgomery,,Alabama,36117,,,5301277,1501 Parkview Dr. South,Montgomery,Alabama,36117,Yes,No
29,World,M,100,A,"300 Brown Springs Rd, Montgomery, Alabama, 36117","300 Brown Springs Rd, Montgomery, AL, 36117, USA",300 Brown Springs Rd,PointAddress,,,"300 Brown Springs Rd, Montgomery, Alabama, 36117",,,20,,300,,,,,,,Brown Springs,Rd,,,,,,,,,300 Brown Springs Rd,,,,,Montgomery,,Montgomery County,Alabama,AL,,,36117,7004,USA,United States,ENG,0,-86.184219003741,32.3772319883,-86.184219003741,32.3772319883,-86.185219003741,-86.183219003741,32.3762319883,32.3782319883,,Commercial,Recreation,300 Brown Springs Rd.,,,,Montgomery,,Alabama,36117,,,5301275,300 Brown Springs Rd.,Montgomery,Alabama,36117,Yes,No
30,World,M,100,A,"50 Ocala Dr, Montgomery, Alabama, 36117","50 Ocala Dr, Montgomery, AL, 36117, USA",50 Ocala Dr,PointAddress,,,"50 Ocala Dr, Montgomery, Alabama, 36117",,,20,,50,,,,,,,Ocala,Dr,,,,,,,,,50 Ocala Dr,,,,,Montgomery,,Montgomery County,Alabama,AL,,,36117,4139,USA,United States,ENG,0,-86.143286482498,32.378600753089,-86.143099985152,32.378658001487,-86.144099985152,-86.142099985152,32.377658001487,32.379658001487,,Commercial,Recreation,50 Ocala Dr.,,,,Montgomery,,Alabama,36117,,,5301312,50 Ocala Dr.,Montgomery,Alabama,36117,Yes,No
31,World,M,100,A,"20 Line Creek Rd, Montgomery, Alabama, 36117","20 Line Creek Rd, Montgomery, AL, 36117, USA",20 Line Creek Rd,PointAddress,,,"20 Line Creek Rd, Montgomery, Alabama, 36117",,,20,,20,,,,,,,Line Creek,Rd,,,,,,,,,20 Line Creek Rd,,,,,Montgomery,,Montgomery County,Alabama,AL,,,36117,5881,USA,United States,ENG,0,-86.060063906973,32.368551647462,-86.060034989407,32.368829004638,-86.061034989407,-86.059034989407,32.367829004638,32.369829004638,,Commercial,,20 Line Crk Rd.,,,,Montgomery,,Alabama,36117,,,5301302,20 Line Crk Rd.,Montgomery,Alabama,36117,Yes,No
32,World,M,100,A,"8700 Minnie Brown Rd, Montgomery, Alabama, 36117","8700 Minnie Brown Rd, Montgomery, AL, 36117, USA",8700 Minnie Brown Rd,PointAddress,,,"8700 Minnie Brown Rd, Montgomery, Alabama, 36117",,,20,,8700,,,,,,,Minnie Brown,Rd,,,,,,,,,8700 Minnie Brown Rd,,,,,Montgomery,,Montgomery County,Alabama,AL,,,36117,7808,USA,United States,ENG,0,-86.140307973204,32.355829008089,-86.140307973204,32.355829008089,-86.141307973204,-86.139307973204,32.354829008089,32.356829008089,,Commercial,Recreation,8700 Minnie Brown Rd.,,,,Montgomery,,Alabama,36117,,,5301311,8700 Minnie Brown Rd.,Montgomery,Alabama,36117,Yes,No
33,World,M,100,A,"696 Georgia Washington Rd, Pike Road, Alabama, 36064","696 Georgia Washington Rd, Pike Road, AL, 36064, USA",696 Georgia Washington Rd,PointAddress,,,"696 Georgia Washington Rd, Pike Road, Alabama, 36064",,,20,,696,,,,,,,Georgia Washington,Rd,,,,,,,,,696 Georgia Washington Rd,,,,,Pike Road,,Montgomery County,Alabama,AL,,,36064,2419,USA,United States,ENG,0,-86.101312258328,32.355391347015,-86.10172498324,32.355401992032,-86.10272498324,-86.10072498324,32.354401992032,32.356401992032,,Commercial,,696 Georgia Washington Rd.,,,,Pike Road,,Alabama,36064,,,5301321,696 Georgia Washington Rd.,Pike Road,Alabama,36064,No,Yes
34,World,M,100,A,"334 Bridlebrook Blvd, Pike Road, Alabama, 36064","334 Bridlebrook Blvd, Pike Road, AL, 36064, USA",334 Bridlebrook Blvd,PointAddress,,,"334 Bridlebrook Blvd, Pike Road, Alabama, 36064",,,20,,334,,,,,,,Bridlebrook,Blvd,,,,,,,,,334 Bridlebrook Blvd,,,,,Pike Road,,Montgomery County,Alabama,AL,,,36064,2775,USA,United States,ENG,0,-86.084338820578,32.354435013772,-86.083469030486,32.354505002664,-86.084469030486,-86.082469030486,32.353505002664,32.355505002664,,Commercial,,334 Bridlebrook Blvd.,,,,Pike Road,,Alabama,36064,,,5301340,334 Bridlebrook Blvd.,Pike Road,Alabama,36064,No,Yes
35,World,M,100,A,"13260 Edna Brake Lucas Dr, Montgomery, Alabama, 36117","13260 Edna Brake Lucas Dr, Montgomery, AL, 36117, USA",13260 Edna Brake Lucas Dr,PointAddress,,,"13260 Edna Brake Lucas Dr, Montgomery, Alabama, 36117",,,20,,13260,,,,,,,Edna Brake Lucas,Dr,,,,,,,,,13260 Edna Brake Lucas Dr,,,,,Montgomery,,Montgomery County,Alabama,AL,,,36117,5701,USA,United States,ENG,0,-86.091796954205,32.383338162854,-86.091765019154,32.381740991204,-86.092765019154,-86.090765019154,32.380740991204,32.382740991204,,Residential,,13260 Edna Brake Lucas Dr.,,,,Montgomery,,Alabama,36117,,,5301369,13260 Edna Brake Lucas Dr.,Montgomery,Alabama,36117,No,No
36,World,M,100,A,"219 Hobbie Rd, Montgomery, Alabama, 36105","219 Hobbie Rd, Montgomery, AL, 36105, USA",219 Hobbie Rd,PointAddress,,,"219 Hobbie Rd, Montgomery, Alabama, 36105",,,20,,219,,,,,,,Hobbie,Rd,,,,,,,,,219 Hobbie Rd,,,,,Montgomery,,Montgomery County,Alabama,AL,,,36105,6843,USA,United States,ENG,0,-86.291960070977,32.241645610073,-86.291879017973,32.242356982195,-86.292879017973,-86.290879017973,32.241356982195,32.243356982195,,Commercial,,219 Hobbie Rd.,,,,Montgomery,,Alabama,36105,,,5301427,219 Hobbie Rd.,Montgomery,Alabama,36105,No,No
37,World,M,100,A,"5225 Patricia Ln, Montgomery, Alabama, 36108","5225 Patricia Ln, Montgomery, AL, 36108, USA",5225 Patricia Ln,PointAddress,,,"5225 Patricia Ln, Montgomery, Alabama, 36108",,,20,,5225,,,,,,,Patricia,Ln,,,,,,,,,5225 Patricia Ln,,,,,Montgomery,,Montgomery County,Alabama,AL,,,36108,5357,USA,United States,ENG,0,-86.343706085507,32.301746286592,-86.342936040062,32.301771013207,-86.343936040062,-86.341936040062,32.300771013207,32.302771013207,,Commercial,,5225 Patricia Lane,,,,Montgomery,,Alabama,36108,,,5301452,5225 Patricia Lane,Montgomery,Alabama,36108,Yes,No
38,World,M,100,A,"4655 Gateway Dr, Montgomery, Alabama, 36108","4655 Gateway Dr, Montgomery, AL, 36108, USA",4655 Gateway Dr,PointAddress,,,"4655 Gateway Dr, Montgomery, Alabama, 36108",,,20,,4655,,,,,,,Gateway,Dr,,,,,,,,,4655 Gateway Dr,,,,,Montgomery,,Montgomery County,Alabama,AL,,,36108,4923,USA,United States,ENG,0,-86.383022072904,32.309816257241,-86.383892030634,32.309803013834,-86.384892030634,-86.382892030634,32.308803013834,32.310803013834,,Commercial,,4655 Gateway Dr.,,,,Montgomery,,Alabama,36108,,,5301438,4655 Gateway Dr.,Montgomery,Alabama,36108,Yes,No
39,World,M,100,A,"1780 Mitchell Young Rd, Montgomery, Alabama, 36108","1780 Mitchell Young Rd, Montgomery, AL, 36108, USA",1780 Mitchell Young Rd,StreetAddress,,,"1780 Mitchell Young Rd, Montgomery, Alabama, 36108",,,20,,1780,1706,1788,1706-1788,R,,,Mitchell Young,Rd,,,,,,,,,1780 Mitchell Young Rd,,,,,Montgomery,,Montgomery County,Alabama,AL,,,36108,5835,USA,United States,ENG,0,-86.44332287476,32.313533616533,-86.44332287476,32.313533616533,-86.44432287476,-86.44232287476,32.312533616533,32.314533616533,,,,1780 Mitchell Young Rd.,,,,Montgomery,,Alabama,36108,,,5301446,1780 Mitchell Young Rd.,Montgomery,Alabama,36108,No,No
40,World,M,100,A,"970 W South Blvd, Montgomery, Alabama, 36105","970 W South Blvd, Montgomery, AL, 36105, USA",970 W South Blvd,PointAddress,,,"970 W South Blvd, Montgomery, Alabama, 36105",,,20,,970,,,,,W,,South,Blvd,,,,,,,,,970 W South Blvd,,,,,Montgomery,,Montgomery County,Alabama,AL,,,36105,3021,USA,United States,ENG,0,-86.330799966273,32.326714341681,-86.33067901541,32.327449015494,-86.33167901541,-86.32967901541,32.326449015494,32.328449015494,,Commercial,,970 W. South Blvd.,,,,Montgomery,,Alabama,36105,,,5301450,970 W. South Blvd.,Montgomery,Alabama,36105,Yes,No
41,World,M,100,A,"3425 Carter Hill Rd, Montgomery, Alabama, 36111","3425 Carter Hill Rd, Montgomery, AL, 36111, USA",3425 Carter Hill Rd,PointAddress,,,"3425 Carter Hill Rd, Montgomery, Alabama, 36111",,,20,,3425,,,,,,,Carter Hill,Rd,,,,,,,,,3425 Carter Hill Rd,,,,,Montgomery,,Montgomery County,Alabama,AL,,,36111,1807,USA,United States,ENG,0,-86.260858013416,32.343276982356,-86.25980499492,32.343291985962,-86.26080499492,-86.25880499492,32.342291985962,32.344291985962,,Commercial,,3425 Carter Hill Rd.,,,,Montgomery,,Alabama,36111,,,5301517,3425 Carter Hill Rd.,Montgomery,Alabama,36111,Yes,No
42,World,M,100,A,"Vaughn Rd & Taylor Rd, Montgomery, Alabama, 36116","Vaughn Rd & Taylor Rd, Montgomery, AL, 36116, USA",Vaughn Rd & Taylor Rd,StreetInt,,,"Vaughn Rd & Taylor Rd, Montgomery, Alabama, 36116",,,20,,,,,,,,,,,,,,,,,,,Vaughn Rd & Taylor Rd,,,,,Montgomery,,Montgomery County,Alabama,AL,,,36116,,USA,United States,ENG,0,-86.179422208192,32.338665301138,-86.179422208192,32.338665301138,-86.180422208192,-86.178422208192,32.337665301138,32.339665301138,,,,Vaughn Rd. @ Taylor Rd.,,,,Montgomery,,Alabama,36116,,,5301510,Vaughn Rd. @ Taylor Rd.,Montgomery,Alabama,36116,Yes,No
43,World,M,100,A,"Butler Mill Rd & W Pleasant Grove Rd, Montgomery, Alabama, 36105","Butler Mill Rd & W Pleasant Grove Rd, Montgomery, AL, 36105, USA",Butler Mill Rd & W Pleasant Grove Rd,StreetInt,,,"Butler Mill Rd & W Pleasant Grove Rd, Montgomery, Alabama, 36105",,,20,,,,,,,,,,,,,,,,,,,Butler Mill Rd & W Pleasant Grove Rd,,,,,Montgomery,,Montgomery County,Alabama,AL,,,36105,3674,USA,United States,ENG,0,-86.304382973492,32.204993014319,-86.304382973492,32.204993014319,-86.305382973492,-86.303382973492,32.203993014319,32.205993014319,,,,Butler Mill Rd. @ W Pleasant Grove Rd.,,,,Montgomery,,Alabama,36105,,,5301472,Butler Mill Rd. @ W Pleasant Grove Rd.,Montgomery,Alabama,36105,No,No
44,World,M,100,A,"E McLean Rd & US Highway 31, Hope Hull, Alabama, 36043","E McLean Rd & US Highway 31, Hope Hull, AL, 36043, USA",E McLean Rd & US Highway 31,StreetInt,,,"E McLean Rd & US Highway 31, Hope Hull, Alabama, 36043",,,20,,,,,,,,,,,,,,,,,,,E McLean Rd & US Highway 31,,,,,Hope Hull,,Montgomery County,Alabama,AL,,,36043,,USA,United States,ENG,0,-86.346370776345,32.235685993096,-86.346370776345,32.235685993096,-86.347370776345,-86.345370776345,32.234685993096,32.236685993096,,,,East McLean Road @ US Highway 31,,,,Hope Hull,,Alabama,36043,,,5301462,East McLean Road @ US Highway 31,Hope Hull,Alabama,36043,No,No
45,World,M,100,A,"4055 Fitzpatrick Blvd, Montgomery, Alabama, 36116","4055 Fitzpatrick Blvd, Montgomery, AL, 36116, USA",4055 Fitzpatrick Blvd,PointAddress,,,"4055 Fitzpatrick Blvd, Montgomery, Alabama, 36116",,,20,,4055,,,,,,,Fitzpatrick,Blvd,,,,,,,,,4055 Fitzpatrick Blvd,,,,,Montgomery,,Montgomery County,Alabama,AL,,,36116,4820,USA,United States,ENG,0,-86.237487507163,32.301961743414,-86.237507959007,32.30298701781,-86.238507959007,-86.236507959007,32.30198701781,32.30398701781,,Commercial,,4055 Fitzpatrick Blvd.,,,,Montgomery,,Alabama,36116,,,5301529,4055 Fitzpatrick Blvd.,Montgomery,Alabama,36116,Yes,No
46,World,M,100,A,"4010 Norman Bridge Rd, Montgomery, Alabama, 36105","4010 Norman Bridge Rd, Montgomery, AL, 36105, USA",4010 Norman Bridge Rd,StreetAddress,,,"4010 Norman Bridge Rd, Montgomery, Alabama, 36105",,,20,,4010,3988,4022,3988-4022,R,,,Norman Bridge,Rd,,,,,,,,,4010 Norman Bridge Rd,,,,,Montgomery,,Montgomery County,Alabama,AL,,,36105,3218,USA,United States,ENG,0,-86.299274410222,32.325797182785,-86.299274410222,32.325797182785,-86.300274410222,-86.298274410222,32.324797182785,32.326797182785,,,,4010 Norman Bridge Rd.,,,,Montgomery,,Alabama,36105,,,5301524,4010 Norman Bridge Rd.,Montgomery,Alabama,36105,Yes,No
47,World,M,100,A,"820 Ray Thorington Rd, Montgomery, Alabama, 36117","820 Ray Thorington Rd, Montgomery, AL, 36117, USA",820 Ray Thorington Rd,PointAddress,,,"820 Ray Thorington Rd, Montgomery, Alabama, 36117",,,20,,820,,,,,,,Ray Thorington,Rd,,,,,,,,,820 Ray Thorington Rd,,,,,Montgomery,,Montgomery County,Alabama,AL,,,36117,8404,USA,United States,ENG,0,-86.14344557102,32.321271594763,-86.14373298648,32.320906981975,-86.14473298648,-86.14273298648,32.319906981975,32.321906981975,,Commercial,,820 Ray Thorington Rd.,,,,Montgomery,,Alabama,36117,,,5301528,820 Ray Thorington Rd.,Montgomery,Alabama,36117,Yes,No
48,World,M,98.04,A,"6120 Trotman Dr, Montgomery, Alabama, 36116","6120 Trotman Dr, Montgomery, AL, 36116, USA",6120 Trotman Dr,PointAddress,,,"6120 Trotman Dr, Montgomery, Alabama, 36116",,,20,,6120,,,,,,,Trotman,Dr,,,,,,,,,6120 Trotman Dr,,,,,Montgomery,,Montgomery County,Alabama,AL,,,36116,6042,USA,United States,ENG,0,-86.18058410761,32.252133256873,-86.180345977741,32.251812984353,-86.181345977741,-86.179345977741,32.250812984353,32.252812984353,,Commercial,,6120 Trotman Rd.,,,,Montgomery,,Alabama,36116,,,5301535,6120 Trotman Rd.,Montgomery,Alabama,36116,No,No
49,World,M,100,A,"Vaughn Rd & Wynlakes Blvd, Montgomery, Alabama, 36117","Vaughn Rd & Wynlakes Blvd, Montgomery, AL, 36117, USA",Vaughn Rd & Wynlakes Blvd,StreetInt,,,"Vaughn Rd & Wynlakes Blvd, Montgomery, Alabama, 36117",,,20,,,,,,,,,,,,,,,,,,,Vaughn Rd & Wynlakes Blvd,,,,,Montgomery,,Montgomery County,Alabama,AL,,,36117,8806,USA,United States,ENG,0,-86.151452132571,32.338871412137,-86.151452132571,32.338871412137,-86.152452132571,-86.150452132571,32.337871412137,32.339871412137,,,,Vaughn Rd. @ Wynlakes Blvd.,,,,Montgomery,,Alabama,36117,,,5301526,Vaughn Rd. @ Wynlakes Blvd.,Montgomery,Alabama,36117,Yes,No
50,World,M,100,A,"4450 Narrow Lane Rd, Montgomery, Alabama, 36116","4450 Narrow Lane Rd, Montgomery, AL, 36116, USA",4450 Narrow Lane Rd,PointAddress,,,"4450 Narrow Lane Rd, Montgomery, Alabama, 36116",,,20,,4450,,,,,,,Narrow Lane,Rd,,,,,,,,,4450 Narrow Lane Rd,,,,,Montgomery,,Montgomery County,Alabama,AL,,,36116,2954,USA,United States,ENG,0,-86.28208325537,32.320639683083,-86.282342004721,32.320639012531,-86.283342004721,-86.281342004721,32.319639012531,32.321639012531,,Residential,Single Family,4450 Narrow Lane Rd.,,,,Montgomery,,Alabama,36116,,,5301542,4450 Narrow Lane Rd.,Montgomery,Alabama,36116,Yes,No
51,World,M,100,A,"3041 Eastern Blvd, Montgomery, Alabama, 36116","3041 Eastern Blvd, Montgomery, AL, 36116, USA",3041 Eastern Blvd,PointAddress,,,"3041 Eastern Blvd, Montgomery, Alabama, 36116",,,20,,3041,,,,,,,Eastern,Blvd,,,,,,,,,3041 Eastern Blvd,,,,,Montgomery,,Montgomery County,Alabama,AL,,,36116,1517,USA,United States,ENG,0,-86.227533158952,32.337468323455,-86.226908958623,32.337126006529,-86.227908958623,-86.225908958623,32.336126006529,32.338126006529,,Commercial,Medical,3041 Eastern Blvd,,,,Montgomery,,Alabama,36116,,,5301545,3041 Eastern Blvd,Montgomery,Alabama,36116,Yes,No
52,World,M,100,A,"3510 Woodley Rd, Montgomery, Alabama, 36116","3510 Woodley Rd, Montgomery, AL, 36116, USA",3510 Woodley Rd,PointAddress,,,"3510 Woodley Rd, Montgomery, Alabama, 36116",,,20,,3510,,,,,,,Woodley,Rd,,,,,,,,,3510 Woodley Rd,,,,,Montgomery,,Montgomery County,Alabama,AL,,,36116,3833,USA,United States,ENG,0,-86.259079541201,32.314571771917,-86.260163991833,32.313428983238,-86.261163991833,-86.259163991833,32.312428983238,32.314428983238,,Commercial,,3510 Woodley Rd,,,,Montgomery,,Alabama,36116,,,5301548,3510 Woodley Rd,Montgomery,Alabama,36116,Yes,No
53,World,M,100,A,"4425 Brewbaker Dr, Montgomery, Alabama, 36116","4425 Brewbaker Dr, Montgomery, AL, 36116, USA",4425 Brewbaker Dr,PointAddress,,,"4425 Brewbaker Dr, Montgomery, Alabama, 36116",,,20,,4425,,,,,,,Brewbaker,Dr,,,,,,,,,4425 Brewbaker Dr,,,,,Montgomery,,Montgomery County,Alabama,AL,,,36116,4205,USA,United States,ENG,0,-86.219142119502,32.322387980447,-86.218916981583,32.321443004683,-86.219916981583,-86.217916981583,32.320443004683,32.322443004683,,Commercial,,4425 Brewbaker Dr.,,,,Montgomery,,Alabama,36116,,,5301551,4425 Brewbaker Dr.,Montgomery,Alabama,36116,Yes,No
54,World,T,100,A,"Troy Hwy & Taylor Ridge Rd, Montgomery, Alabama, 36116","Troy Hwy & Taylor Ridge Rd, Montgomery, AL, 36116, USA",Troy Hwy & Taylor Ridge Rd,StreetInt,,,"Troy Hwy & Taylor Ridge Rd, Montgomery, Alabama, 36116",,,20,,,,,,,,,,,,,,,,,,,Troy Hwy & Taylor Ridge Rd,,,,,Montgomery,,Montgomery County,Alabama,AL,,,36116,,USA,United States,ENG,0,-86.194393125453,32.295535715434,-86.194393125453,32.295535715434,-86.195393125453,-86.193393125453,32.294535715434,32.296535715434,,,,Troy Hwy. @ Taylor Ridge Rd.,,,,Montgomery,,Alabama,36116,,,5301532,Troy Hwy. @ Taylor Ridge Rd.,Montgomery,Alabama,36116,Yes,No
55,World,M,100,A,"5000 Troy Hwy, Montgomery, Alabama, 36116","5000 Troy Hwy, Montgomery, AL, 36116, USA",5000 Troy Hwy,PointAddress,,,"5000 Troy Hwy, Montgomery, Alabama, 36116",,,20,,5000,,,,,,,Troy,Hwy,,,,,,,,,5000 Troy Hwy,,,,,Montgomery,,Montgomery County,Alabama,AL,,,36116,5132,USA,United States,ENG,0,-86.212088664161,32.30504473313,-86.212694005208,32.303910996906,-86.213694005208,-86.211694005208,32.302910996906,32.304910996906,,Commercial,,5000 Troy Hwy.,,,,Montgomery,,Alabama,36116,,,5301576,5000 Troy Hwy.,Montgomery,Alabama,36116,Yes,No
56,World,M,100,A,"Barnes Rd & Meriwether Rd, Pike Road, Alabama, 36064","Barnes Rd & Meriwether Rd, Pike Road, AL, 36064, USA",Barnes Rd & Meriwether Rd,StreetInt,,,"Barnes Rd & Meriwether Rd, Pike Road, Alabama, 36064",,,20,,,,,,,,,,,,,,,,,,,Barnes Rd & Meriwether Rd,,,,,Pike Road,,Montgomery County,Alabama,AL,,,36064,1754,USA,United States,ENG,0,-86.16208968971,32.271048488222,-86.16208968971,32.271048488222,-86.16308968971,-86.16108968971,32.270048488222,32.272048488222,,,,Barnes Road @ Meriwether Road,,,,Pike Road,,Alabama,36064,,,5301565,Barnes Road @ Meriwether Road,Pike Road,Alabama,36064,No,Yes
57,World,M,100,A,"264 Foxhall Rd, Pike Road, Alabama, 36064","264 Foxhall Rd, Pike Road, AL, 36064, USA",264 Foxhall Rd,StreetAddress,,,"264 Foxhall Rd, Pike Road, Alabama, 36064",,,20,,264,288,216,216-288,L,,,Foxhall,Rd,,,,,,,,,264 Foxhall Rd,,,,,Pike Road,,Montgomery County,Alabama,AL,,,36064,3402,USA,United States,ENG,0,-86.121197644915,32.324603027031,-86.121197644915,32.324603027031,-86.122197644915,-86.120197644915,32.323603027031,32.325603027031,,,,264 Foxhall Rd.,,,,Pike Road,,Alabama,36064,,,5301603,264 Foxhall Rd.,Pike Road,Alabama,36064,No,Yes
58,World,M,100,A,"Woodley Rd & Snowdoun Chambers Rd, Montgomery, Alabama, 36116","Woodley Rd & Snowdoun Chambers Rd, Montgomery, AL, 36116, USA",Woodley Rd & Snowdoun Chambers Rd,StreetInt,,,"Woodley Rd & Snowdoun Chambers Rd, Montgomery, Alabama, 36116",,,20,,,,,,,,,,,,,,,,,,,Woodley Rd & Snowdoun Chambers Rd,,,,,Montgomery,,Montgomery County,Alabama,AL,,,36116,6339,USA,United States,ENG,0,-86.209929611632,32.257186832026,-86.209929611632,32.257186832026,-86.210929611632,-86.208929611632,32.256186832026,32.258186832026,,,,Woodley Rd. @ Snowdoun Chambers Rd.,,,,Pike Road,,Alabama,36116,,,5301571,Woodley Rd. @ Snowdoun Chambers Rd.,Pike Road,Alabama,36116,No,No
59,World,M,99.62,A,"Mt Zion Rd & Woodley Rd, Ramer, Alabama, 36069","Mt Zion Rd & Woodley Rd, Ramer, AL, 36069, USA",Mt Zion Rd & Woodley Rd,StreetInt,,,"Mt Zion Rd & Woodley Rd, Ramer, Alabama, 36069",,,20,,,,,,,,,,,,,,,,,,,Mt Zion Rd & Woodley Rd,,,,,Ramer,,Montgomery County,Alabama,AL,,,36069,6504,USA,United States,ENG,0,-86.182166024196,32.224681015231,-86.182166024196,32.224681015231,-86.183166024196,-86.181166024196,32.223681015231,32.225681015231,,,,Mt. Zion Rd. at Woodley Rd.,,,,Montgomery,,Alabama,36116,,,5301578,Mt. Zion Rd. at Woodley Rd.,Montgomery,Alabama,36116,No,No
60,World,M,100,A,"Vaughn Rd & Marler Rd, Cecil, Alabama, 36013","Vaughn Rd & Marler Rd, Cecil, AL, 36013, USA",Vaughn Rd & Marler Rd,StreetInt,,,"Vaughn Rd & Marler Rd, Cecil, Alabama, 36013",,,20,,,,,,,,,,,,,,,,,,,Vaughn Rd & Marler Rd,,,,,Cecil,,Montgomery County,Alabama,AL,,,36013,3010,USA,United States,ENG,0,-86.022468389022,32.30581951435,-86.022468389022,32.30581951435,-86.023468389022,-86.021468389022,32.30481951435,32.30681951435,,,,Vaughn Rd. @ Marler Rd.,,,,Pike Road,,Alabama,36013,,,5301619,Vaughn Rd. @ Marler Rd.,Pike Road,Alabama,36013,No,No
61,World,M,100,A,"11222 Old Pike Rd, Mathews, Alabama, 36052","11222 Old Pike Rd, Mathews, AL, 36052, USA",11222 Old Pike Rd,StreetAddress,,,"11222 Old Pike Rd, Mathews, Alabama, 36052",,,20,,11222,11224,11022,11022-11224,L,,,Old Pike,Rd,,,,,,,,,11222 Old Pike Rd,,,,,Mathews,,Montgomery County,Alabama,AL,,,36052,,USA,United States,ENG,0,-86.050163275171,32.218154647391,-86.050163275171,32.218154647391,-86.051163275171,-86.049163275171,32.217154647391,32.219154647391,,,,11222 Old Pike Road,,,,Mathews,,Alabama,36052,,,5301960,11222 Old Pike Road,Mathews,Alabama,36052,No,No
62,World,M,99.3,A,"Pike Rd & Wallahatchie Rd, Pike Road, Alabama, 36064","Pike Rd & Wallahatchie Rd, Pike Road, AL, 36064, USA",Pike Rd & Wallahatchie Rd,StreetInt,,,"Pike Rd & Wallahatchie Rd, Pike Road, Alabama, 36064",,,20,,,,,,,,,,,,,,,,,,,Pike Rd & Wallahatchie Rd,,,,,Pike Road,,Montgomery County,Alabama,AL,,,36064,2631,USA,United States,ENG,0,-86.102468374233,32.283210001086,-86.102468374233,32.283210001086,-86.103468374233,-86.101468374233,32.282210001086,32.284210001086,OLD,,,Old Pike Rd. @ Wallahatchie Rd.,,,,Pike Road,,Alabama,36064,,,5301616,Old Pike Rd. @ Wallahatchie Rd.,Pike Road,Alabama,36064,No,Yes
63,World,M,99.61,A,"Flowers Rd & Mathews Rd, Mathews, Alabama, 36052","Flowers Rd & Mathews Rd, Mathews, AL, 36052, USA",Flowers Rd & Mathews Rd,StreetInt,,,"Flowers Rd & Mathews Rd, Mathews, Alabama, 36052",,,20,,,,,,,,,,,,,,,,,,,Flowers Rd & Mathews Rd,,,,,Mathews,,Montgomery County,Alabama,AL,,,36052,4025,USA,United States,ENG,0,-86.003834580073,32.265274195124,-86.003834580073,32.265274195124,-86.004834580073,-86.002834580073,32.264274195124,32.266274195124,,,,Flowers Rd. @ Matthews Rd.,,,,Mathews,,Alabama,36052,,,5301966,Flowers Rd. @ Matthews Rd.,Mathews,Alabama,36052,No,No
64,World,M,100,A,"Marler Rd & Avenue of the Oaks, Pike Road, Alabama, 36064","Marler Rd & Avenue of the Oaks, Pike Road, AL, 36064, USA",Marler Rd & Avenue of the Oaks,StreetInt,,,"Marler Rd & Avenue of the Oaks, Pike Road, Alabama, 36064",,,20,,,,,,,,,,,,,,,,,,,Marler Rd & Avenue of the Oaks,,,,,Pike Road,,Montgomery County,Alabama,AL,,,36064,3111,USA,United States,ENG,0,-86.045258029385,32.357084994371,-86.045258029385,32.357084994371,-86.046258029385,-86.044258029385,32.356084994371,32.358084994371,,,,Marler Rd. @ Ave of the Oaks,,,,Pike Road,,Alabama,36064,,,5301667,Marler Rd. @ Ave of the Oaks,Pike Road,Alabama,36064,No,Yes
65,World,M,100,A,"272 Federal Rd, Hope Hull, Alabama, 36043","272 Federal Rd, Hope Hull, AL, 36043, USA",272 Federal Rd,PointAddress,,,"272 Federal Rd, Hope Hull, Alabama, 36043",,,20,,272,,,,,,,Federal,Rd,,,,,,,,,272 Federal Rd,,,,,Hope Hull,,Montgomery County,Alabama,AL,,,36043,5121,USA,United States,ENG,0,-86.371887301268,32.176537710324,-86.371824017899,32.177059986711,-86.372824017899,-86.370824017899,32.176059986711,32.178059986711,,Residential,Single Family,272 Federal Rd.,,,,Hope Hull,,Alabama,36043,,,5302739,272 Federal Rd.,Hope Hull,Alabama,36043,No,No
66,World,M,98.97,A,"4450 W Hickory Grove Rd, Letohatchee, Alabama, 36047","4450 W Hickory Grove Rd, Letohatchee, AL, 36047, USA",4450 W Hickory Grove Rd,PointAddress,,,"4450 W Hickory Grove Rd, Letohatchee, Alabama, 36047",,,20,,4450,,,,,W,,Hickory Grove,Rd,,,,,,,,,4450 W Hickory Grove Rd,,,,,Letohatchee,,Montgomery County,Alabama,AL,,,36047,5321,USA,United States,ENG,0,-86.37107341847,32.063209978893,-86.370946013541,32.063570987463,-86.371946013541,-86.369946013541,32.062570987463,32.064570987463,LETOHATCHEE,Residential,,"4450 West Hickory Grove Road,Letohatchee",,,,Letohatchee,,Alabama,36047,,,5302763,"4450 West Hickory Grove Road,Letohatchee",Letohatchee,Alabama,36047,No,No
67,World,M,100,A,"Hayneville Ridge Rd & US Highway 82, Mathews, Alabama, 36052","Hayneville Ridge Rd & US Highway 82, Mathews, AL, 36052, USA",Hayneville Ridge Rd & US Highway 82,StreetInt,,,"Hayneville Ridge Rd & US Highway 82, Mathews, Alabama, 36052",,,20,,,,,,,,,,,,,,,,,,,Hayneville Ridge Rd & US Highway 82,,,,,Mathews,,Montgomery County,Alabama,AL,,,36052,4214,USA,United States,ENG,0,-86.096821318426,32.184869280171,-86.096821318426,32.184869280171,-86.097821318426,-86.095821318426,32.183869280171,32.185869280171,,,,Hayneville Ridge Road @ US Highway 82,,,,Mathews,,Alabama,36052,,,5301961,Hayneville Ridge Road @ US Highway 82,Mathews,Alabama,36052,No,No
68,World,M,99.29,A,"153 Old County Shop Rd, Ramer, Alabama, 36069","153 Old County Shop Rd, Ramer, AL, 36069, USA",153 Old County Shop Rd,PointAddress,,,"153 Old County Shop Rd, Ramer, Alabama, 36069",,,20,,153,,,,,,,Old County Shop,Rd,,,,,,,,,153 Old County Shop Rd,,,,,Ramer,,Montgomery County,Alabama,AL,,,36069,,USA,United States,ENG,0,-86.269326753108,32.13302121597,-86.269501012875,32.133040997262,-86.270501012875,-86.268501012875,32.132040997262,32.134040997262,RAMER,Commercial,,"153 Old County Shop Road, Ramer",,,,Ramer,,Alabama,36069,,,5302759,"153 Old County Shop Road, Ramer",Ramer,Alabama,36069,No,No
69,World,M,98.94,A,"Pettus Rd & Union Academy Ada Rd, Hope Hull, Alabama, 36043","Pettus Rd & Union Academy Ada Rd, Hope Hull, AL, 36043, USA",Pettus Rd & Union Academy Ada Rd,StreetInt,,,"Pettus Rd & Union Academy Ada Rd, Hope Hull, Alabama, 36043",,,20,,,,,,,,,,,,,,,,,,,Pettus Rd & Union Academy Ada Rd,,,,,Hope Hull,,Montgomery County,Alabama,AL,,,36043,,USA,United States,ENG,0,-86.352412033059,32.109651003084,-86.352412033059,32.109651003084,-86.353412033059,-86.351412033059,32.108651003084,32.110651003084,36046,,,Pettus Rd @ Union Academy Ada Road,,,,Hope Hull,,Alabama,36046,,,5302773,Pettus Rd @ Union Academy Ada Road,Hope Hull,Alabama,36046,No,No
70,World,M,100,A,"7578 Union Academy Ada Rd, Hope Hull, Alabama, 36043","7578 Union Academy Ada Rd, Hope Hull, AL, 36043, USA",7578 Union Academy Ada Rd,PointAddress,,,"7578 Union Academy Ada Rd, Hope Hull, Alabama, 36043",,,20,,7578,,,,,,,Union Academy Ada,Rd,,,,,,,,,7578 Union Academy Ada Rd,,,,,Hope Hull,,Montgomery County,Alabama,AL,,,36043,5338,USA,United States,ENG,0,-86.395541618762,32.116533802877,-86.395545977352,32.1168399938,-86.396545977352,-86.394545977352,32.1158399938,32.117839993799,,Residential,,7578 Union Academy Ada Road,,,,Hope Hull,,Alabama,36043,,,5302780,7578 Union Academy Ada Road,Hope Hull,Alabama,36043,No,No
71,World,M,100,A,"5486 Butler Mill Rd, Montgomery, Alabama, 36105","5486 Butler Mill Rd, Montgomery, AL, 36105, USA",5486 Butler Mill Rd,PointAddress,,,"5486 Butler Mill Rd, Montgomery, Alabama, 36105",,,20,,5486,,,,,,,Butler Mill,Rd,,,,,,,,,5486 Butler Mill Rd,,,,,Montgomery,,Montgomery County,Alabama,AL,,,36105,6440,USA,United States,ENG,0,-86.308266225415,32.16508945551,-86.30850896533,32.165083001445,-86.30950896533,-86.30750896533,32.164083001445,32.166083001445,,Commercial,,5486 Butler Mill Rd,,,,Montgomery,,Alabama,36105,,,5302779,5486 Butler Mill Rd,Montgomery,Alabama,36105,No,No
72,World,M,99.14,A,"5444 State Highway 94, Ramer, Alabama, 36069","5444 State Highway 94, Ramer, AL, 36069, USA",5444 State Highway 94,PointAddress,,,"5444 State Highway 94, Ramer, Alabama, 36069",,,20,,5444,,,,,,,State Highway 94,,,,,,,,,,5444 State Highway 94,,,,,Ramer,,Montgomery County,Alabama,AL,,,36069,5008,USA,United States,ENG,0,-86.218234359388,32.052127594152,-86.218232012455,32.051719982201,-86.219232012455,-86.217232012455,32.050719982201,32.052719982201,RAMER,Commercial,Recreation,"5444 Highway 94, Ramer",,,,Ramer,,Alabama,36069,,,5302833,"5444 Highway 94, Ramer",Ramer,Alabama,36069,No,No
73,World,M,100,A,"393 Moore Rd, Ramer, Alabama, 36069","393 Moore Rd, Ramer, AL, 36069, USA",393 Moore Rd,PointAddress,,,"393 Moore Rd, Ramer, Alabama, 36069",,,20,,393,,,,,,,Moore,Rd,,,,,,,,,393 Moore Rd,,,,,Ramer,,Montgomery County,Alabama,AL,,,36069,5451,USA,United States,ENG,0,-86.060964123374,32.064063256636,-86.060416030726,32.064077002958,-86.061416030726,-86.059416030726,32.063077002958,32.065077002958,,Residential,,393 Moore Rd.,,,,Ramer,,Alabama,36069,,,5302944,393 Moore Rd.,Ramer,Alabama,36069,No,No
74,World,M,99.3,A,"147 Old School House Rd, Grady, Alabama, 36036","147 Old School House Rd, Grady, AL, 36036, USA",147 Old School House Rd,PointAddress,,,"147 Old School House Rd, Grady, Alabama, 36036",,,20,,147,,,,,,,Old School House,Rd,,,,,,,,,147 Old School House Rd,,,,,Grady,,Montgomery County,Alabama,AL,,,36036,7020,USA,United States,ENG,0,-86.200800671335,31.993157133457,-86.199282960128,31.993093011898,-86.200282960128,-86.198282960128,31.992093011898,31.994093011898,GRADY,Commercial,,"147 Old Schoolhouse Road, Grady",,,,Grady,,Alabama,36036,,,5302858,"147 Old Schoolhouse Road, Grady",Grady,Alabama,36036,No,No
88,World,M,100,A,"Huffman Rd & Meriwether Trl, Grady, Alabama, 36036","Huffman Rd & Meriwether Trl, Grady, AL, 36036, USA",Huffman Rd & Meriwether Trl,StreetInt,,,"Huffman Rd & Meriwether Trl, Grady, Alabama, 36036",,,20,,,,,,,,,,,,,,,,,,,Huffman Rd & Meriwether Trl,,,,,Grady,,Montgomery County,Alabama,AL,,,36036,,USA,United States,ENG,0,-86.156660311928,32.006544415842,-86.156660311928,32.006544415842,-86.157660311928,-86.155660311928,32.005544415842,32.007544415842,,,,Huffman Road @ Meriwether Trail,,,,Grady,,Alabama,36036,,,5302864,Huffman Road @ Meriwether Trail,Grady,Alabama,36036,No,No
100,World,M,99.81,A,"Mt Zion Rd & Paulk Rd, Ramer, Alabama, 36069","Mt Zion Rd & Paulk Rd, Ramer, AL, 36069, USA",Mt Zion Rd & Paulk Rd,StreetInt,,,"Mt Zion Rd & Paulk Rd, Ramer, Alabama, 36069",,,20,,,,,,,,,,,,,,,,,,,Mt Zion Rd & Paulk Rd,,,,,Ramer,,Montgomery County,Alabama,AL,,,36069,6524,USA,United States,ENG,0,-86.176233229309,32.135866411094,-86.176233229309,32.135866411094,-86.177233229309,-86.175233229309,32.134866411094,32.136866411094,,,,Mt. Zion @ Paulk Rd,,,,Ramer,,Alabama,36069,,,5302868,Mt. Zion @ Paulk Rd,Ramer,Alabama,36069,No,No
